ID,Name,Macroarea,Latitude,Longitude,Glottocode,ISO639P3code,family_id,parent_id,bookkeeping,level,status,description,markup_description,child_family_count,child_language_count,child_dialect_count,country_ids
abau1245,Abau,Papunesia,-3.97222,141.324,abau1245,aau,sepi1257,sepi1257,False,language,definitely endangered,,,0,0,0,PG
abip1241,Abipon,South America,-29.0,-61.0,abip1241,axb,guai1249,guai1250,False,language,extinct,,,0,0,0,AR
abua1245,Abu' Arapesh,Papunesia,-3.461612,142.917031,abua1245,aah,nucl1708,buki1250,False,language,definitely endangered,,,0,0,0,PG
abui1241,Abui,Papunesia,-8.31058,124.588,abui1241,abz,timo1261,alor1250,False,language,definitely endangered,,,0,0,3,ID
abun1252,Abun,Papunesia,-0.57073,132.416,abun1252,kgr,,,False,language,definitely endangered,,,0,0,3,ID
achi1257,Achinese,Papunesia,3.90757,96.6032,achi1257,ace,aust1307,cham1327,False,language,vulnerable,,,0,0,7,ID
adam1253,Adamawa Fulfulde,Africa,8.140326,13.077338,adam1253,fub,atla1278,adam1260,False,language,safe,,,0,0,6,CM ER ET NG SD TD
agua1253,Aguaruna,South America,-5.30044,-77.9218,agua1253,agr,jiva1245,jiva1245,False,language,vulnerable,,,0,0,0,PE
agut1237,Agutaynen,Papunesia,10.5328,119.655,agut1237,agn,aust1307,kala1389,False,language,safe,,,0,0,0,PH
aika1237,Aikanã,South America,-12.6695,-60.5353,aika1237,tba,,,False,language,vulnerable,,,0,0,1,BR
akaj1239,Aka-Jeru,Eurasia,13.1525,92.9504,akaj1239,akj,grea1241,jeru1239,False,language,critically endangered,,,0,0,1,IN
akla1241,Aklanon,Papunesia,11.5543,122.354,akla1241,akl,aust1307,akla1240,False,language,safe,,,0,0,0,PH
akoy1238,Akoye,Papunesia,-7.66067,145.669,akoy1238,miw,anga1289,tain1255,False,language,definitely endangered,,,0,0,0,PG
akpe1248,Akpes,Africa,7.50256,5.95559,akpe1248,ibe,atla1278,akpe1249,False,language,definitely endangered,,,0,0,9,NG
aleu1260,Aleut,North America,52.1228,-174.29,aleu1260,ale,eski1264,eski1264,False,language,definitely endangered,,,0,0,2,RU US
alor1247,Alorese,Papunesia,-8.20382,124.264,alor1247,aol,aust1307,lama1293,False,language,safe,,,0,0,0,ID
amap1240,Ama (Papua New Guinea),Papunesia,-4.20192,141.658,amap1240,amm,left1242,nucl1244,False,language,vulnerable,,,0,0,0,PG
amar1273,Amarasi,Papunesia,-10.21751,123.96373,amar1273,aaz,aust1307,uabm1238,False,language,vulnerable,,,0,0,4,ID
ambo1250,Ambonese Malay,Papunesia,-3.71342,128.184,ambo1250,abs,aust1307,ambo1253,False,language,safe,,,0,0,1,ID
amdo1237,Amdo Tibetan,Eurasia,34.5177,100.485,amdo1237,adx,sino1245,tibe1276,False,language,safe,,,0,0,4,CN
amer1254,American Spanish,Eurasia,,,amer1254,,indo1319,stan1288,False,dialect,safe,,,0,0,0,
amha1245,Amharic,Africa,11.708182,39.543456,amha1245,amh,afro1255,amha1244,False,language,safe,,,0,0,0,DJ ET
anda1280,Andaman Creole Hindi,Eurasia,11.676,92.738,anda1280,hca,indo1319,hind1270,False,language,safe,,,0,0,0,IN
anem1249,Anem,Papunesia,-5.54836,148.993,anem1249,anz,,,False,language,definitely endangered,,,0,0,0,PG
anin1240,Anindilyakwa,Australia,-13.99904,136.6415,anin1240,aoi,gunw1250,wubu1239,False,language,definitely endangered,,,0,0,0,AU
apal1257,Apalaí,South America,1.49792,-54.7457,apal1257,apy,cari1283,cari1283,False,language,definitely endangered,,,0,0,0,BR
apin1244,Apinayé,South America,-6.10774,-47.6315,apin1244,apn,nucl1710,core1264,False,language,definitely endangered,,,0,0,0,BR
apma1240,Apma,Papunesia,-15.8559,168.189,apma1240,app,aust1307,sout3188,False,language,safe,,,0,0,5,VU
arab1267,Arabana,Australia,-28.705,135.449,arab1267,ard,pama1250,arab1266,False,language,extinct,,,0,0,0,AU
aral1243,Aralle-Tabulahan,Papunesia,-2.78397,119.319,aral1243,atq,aust1307,mata1312,False,language,safe,,,0,0,3,ID
arbo1245,Arbore,Africa,4.92183,36.7986,arbo1245,arv,afro1255,west2723,False,language,definitely endangered,,,0,0,0,ET
arch1244,Archi,Eurasia,42.3239,46.8267,arch1244,aqc,nakh1245,lezg1248,False,language,definitely endangered,,,0,0,0,RU
argo1244,Argobba,Africa,10.6596,39.756,argo1244,agj,afro1255,amha1244,False,language,vulnerable,,,0,0,0,ET
ashe1272,Ashéninka Perené,South America,-10.9777,-74.9153,ashe1272,prq,araw1281,ashe1271,False,language,vulnerable,,,0,0,0,PE
asil1242,Asilulu,Papunesia,-3.67302,127.952,asil1242,asl,aust1307,west2843,False,language,vulnerable,,,0,0,3,ID
assa1263,Assamese,Eurasia,26.0876,91.2932,assa1263,asm,indo1319,assa1262,False,language,safe,,,0,0,4,BD BT IN
assy1241,Assyrian Neo-Aramaic,Eurasia,36.75,43.0,assy1241,aii,afro1255,nort3241,False,language,vulnerable,,,0,0,30,IQ IR SY TR
atay1247,Atayal,Papunesia,24.5209,121.388,atay1247,tay,aust1307,atay1246,False,language,vulnerable,,,0,0,2,TW
avar1256,Avar,Eurasia,41.7047,46.558,avar1256,ava,nakh1245,avar1255,False,language,vulnerable,,,0,0,14,AZ GE RU TR
awac1239,Awa-Cuaiquer,South America,1.21652,-78.3401,awac1239,kwi,barb1265,unun9945,False,language,vulnerable,,,0,0,0,CO EC
awar1248,Awara,Papunesia,-6.16986,146.372,awar1248,awx,nucl1709,want1253,False,language,safe,,,0,0,0,PG
awiy1238,Awiyaana,Papunesia,-6.54079,145.76,awiy1238,auy,nucl1709,auya1234,False,language,safe,,,0,0,0,PG
awng1244,Awngi,Africa,10.9819,36.6916,awng1244,awn,afro1255,cent2193,False,language,safe,,,0,0,0,ET
badi1246,Badimaya,Australia,-29.0647,117.246,badi1246,bia,pama1250,kart1250,False,language,extinct,,,0,0,0,AU
bafu1246,Bafut,Africa,6.14153,10.1194,bafu1246,bfd,atla1278,bafu1247,False,language,safe,,,0,0,2,CM
baga1272,Baga Sitemu,Africa,10.4793,-14.4756,baga1272,bsp,atla1278,temn1245,False,language,definitely endangered,,,0,0,1,GN
bagi1246,Bagirmi,Africa,11.52392,14.769495,bagi1246,bmi,cent2225,bagi1248,False,language,safe,,,0,0,4,NG TD
baik1238,Baikeno,Papunesia,-9.32991,124.256,baik1238,bkx,aust1307,uabm1238,False,language,vulnerable,,,0,0,3,ID TL
bala1315,Balantak,Papunesia,-0.86809,123.289,bala1315,blz,aust1307,east2491,False,language,safe,,,0,0,0,ID
balu1257,Paluai,Papunesia,-2.5604,147.282,balu1257,blq,aust1307,loup1244,False,language,safe,,,0,0,2,PG
bamb1262,Bambassi,Africa,9.82554,34.6522,bamb1262,myf,maoo1243,maoo1243,False,language,definitely endangered,,,0,0,2,ET
bamb1269,Bambara,Africa,12.0401,-9.98949,bamb1269,bam,mand1469,east2425,False,language,safe,,,0,0,7,CI GN ML SN
bank1256,Bankon,Africa,4.3702,9.6403,bank1256,abb,atla1278,abob1234,False,language,vulnerable,,,0,0,0,CM
bare1276,Baré,South America,1.91649,-66.828,bare1276,bae,araw1281,alto1250,False,language,critically endangered,,,0,0,0,VE
bash1264,Bashkir,Eurasia,53.5967,56.5594,bash1264,bak,turk1311,nort2696,False,language,vulnerable,,,0,0,3,KZ RU UA
basq1248,Basque,Eurasia,43.2787,-1.31622,basq1248,eus,,,False,language,vulnerable,,,0,0,11,ES FR
bata1293,Batak Karo,Papunesia,2.12787,98.2517,bata1293,btx,aust1307,nort2831,False,language,vulnerable,,,0,0,1,ID
baur1253,Baure,South America,-13.1278,-64.1838,baur1253,brg,araw1281,baur1254,False,language,critically endangered,,,0,0,0,BO
beka1241,Riuk Bekati',Papunesia,1.3307,109.576,beka1241,bei,aust1307,baka1275,False,language,vulnerable,,,0,0,0,ID
bela1254,Belarusian,Eurasia,53.2307,25.6038,bela1254,bel,indo1319,east1426,False,language,vulnerable,,,0,0,3,BY LT LV PL RU UA
belh1239,Belhariya,Eurasia,26.9972,87.2783,belh1239,byw,sino1245,athp1240,False,language,severely endangered,,,0,0,0,NP
beng1280,Bengali,Eurasia,24.0,90.0,beng1280,ben,indo1319,gaud1238,False,language,safe,,,0,0,15,BD IN NP
berb1259,Berbice Creole Dutch,South America,5.3829,-58.0002,berb1259,brc,indo1319,dutc1257,False,language,extinct,,,0,0,0,GY
bett1235,Betta Kurumba,Eurasia,11.6385,76.6064,bett1235,xub,drav1251,kann1259,False,language,definitely endangered,,,0,0,0,IN
biak1248,Biak,Papunesia,-0.9523,135.879,biak1248,bhw,aust1307,biak1250,False,language,severely endangered,,,0,0,29,ID
bier1244,Bierebo,Papunesia,-16.6663,168.154,bier1244,bnk,aust1307,baki1243,False,language,definitely endangered,,,0,0,0,VU
birw1238,Birwa,Africa,-22.17,28.33,birw1238,brl,atla1278,nort3233,False,language,vulnerable,,,0,0,0,BW ZA ZW
bisl1239,Bislama,Papunesia,-15.4,166.89,bisl1239,bis,indo1319,earl1243,False,language,safe,,,0,0,0,NC VU
blag1240,Blagar,Papunesia,-8.31787,124.251,blag1240,beu,timo1261,blag1241,False,language,definitely endangered,,,0,0,4,ID
bobo1255,Bobongko,Papunesia,-0.36759,121.922,bobo1255,bgb,aust1307,salu1252,False,language,definitely endangered,,,0,0,0,ID
boht1238,Bohtan Neo-Aramaic,Eurasia,43.6405,44.482,boht1238,bhn,afro1255,boht1239,False,language,severely endangered,,,0,0,0,GE RU
bond1245,Bondo,Eurasia,19.1512,83.8141,bond1245,bfw,aust1305,guto1244,False,language,definitely endangered,,,0,0,2,IN
boto1242,Botolan Sambal,Papunesia,15.2315,120.164,boto1242,sbl,aust1307,abel1234,False,language,safe,,,0,0,2,PH
braz1246,Brazilian Portuguese,Eurasia,,,braz1246,,indo1319,port1283,False,dialect,safe,,,0,0,0,
bret1244,Breton,Eurasia,48.2452,-3.78934,bret1244,bre,indo1319,sout3176,False,language,safe,,,0,0,4,FR
bugh1239,Bughotu,Papunesia,-8.47948,159.802,bugh1239,bgt,aust1307,ngge1240,False,language,safe,,,0,0,2,SB
bugi1244,Buginese,Papunesia,-4.47,119.977,bugi1244,bug,aust1307,bugi1245,False,language,safe,,,0,0,11,ID
bulg1262,Bulgarian,Eurasia,43.3646,25.047,bulg1262,bul,indo1319,mace1252,False,language,definitely endangered,,,0,0,2,BG GR MD MK RO RS TR UA
buli1255,Buli (Indonesia),Papunesia,1.0008,128.443,buli1255,bzq,aust1307,cent2270,False,language,safe,,,0,0,2,ID
buna1278,Bunak,Papunesia,-9.13618,125.216,buna1278,bfn,timo1261,east2519,False,language,vulnerable,,,0,0,0,ID TL
bunu1267,Bunun,Papunesia,23.4116,121.025,bunu1267,bnn,aust1307,aust1307,False,language,vulnerable,,,0,0,7,TW
buru1296,Burushaski,Eurasia,36.2161,74.8236,buru1296,bsk,,,False,language,definitely endangered,,,0,0,3,IN PK
buru1303,Buru (Indonesia),Papunesia,-3.43957,126.632,buru1303,mhs,aust1307,buru1322,False,language,safe,,,0,0,4,ID
cabi1241,Cabiyarí,South America,0.16101,-71.0622,cabi1241,cbb,araw1281,nucl1764,False,language,definitely endangered,,,0,0,0,CO
cahu1264,Cahuilla,North America,33.5324,-116.691,cahu1264,chl,utoa1244,cahu1263,False,language,critically endangered,,,0,0,0,US
caml1239,Camling,Eurasia,27.3371,86.7612,caml1239,rab,sino1245,sout2736,False,language,vulnerable,,,0,0,0,NP
cavi1250,Cavineña,South America,-13.3544,-66.6277,cavi1250,cav,pano1259,taca1255,False,language,definitely endangered,,,0,0,0,BO
cebu1242,Cebuano,Papunesia,8.38799,124.367,cebu1242,ceb,aust1307,bisa1268,False,language,safe,,,0,0,4,PH
cent2050,Central Kanuri,Africa,11.8863,16.3918,cent2050,knc,saha1256,kanu1281,False,language,safe,,,0,0,14,CM NE NG SD TD
cent2087,Coastal-Naga Bikol,Papunesia,13.7574,123.403,cent2087,bcl,aust1307,coas1315,False,language,safe,,,0,0,2,PH
cent2092,Central Sama,Papunesia,7.004574,118.455978,cent2092,sml,aust1307,inne1244,False,language,safe,,,0,0,1,PH
cent2100,Central Dusun,Papunesia,6.02998,116.681,cent2100,dtp,aust1307,kada1292,False,language,vulnerable,,,0,0,12,MY
cent2101,Central Melanau,Papunesia,2.524086,111.346451,cent2101,mel,aust1307,mela1255,False,language,vulnerable,,,0,0,10,BN MY
cent2142,Central Aymara,South America,-17.0,-68.5,cent2142,ayr,ayma1253,nucl1667,False,language,vulnerable,,,0,0,0,AR BO CL PE
chal1275,Chaldean Neo-Aramaic,Eurasia,37.0972,43.5027,chal1275,cld,afro1255,nort3241,False,language,definitely endangered,,,0,0,7,IQ SY TR
cham1312,Chamorro,Papunesia,13.438011,144.74474,cham1312,cha,aust1307,mala1545,False,language,vulnerable,,,0,0,2,GU MP
cham1318,Chamicuro,South America,-5.1149,-75.6778,cham1318,ccc,araw1281,cham1317,False,language,critically endangered,,,0,0,0,PE
chek1238,Cheke Holo,Papunesia,-8.27055,159.625,chek1238,mrn,aust1307,east2452,False,language,safe,,,0,0,2,SB
cher1273,Cherokee,North America,35.4664,-83.163,cher1273,chr,iroq1247,iroq1247,False,language,vulnerable,,,0,0,4,US
chim1300,Chimalapa Zoque,North America,16.6543,-94.6913,chim1300,zoh,mixe1284,zoqu1261,False,language,definitely endangered,,,0,0,0,MX
chim1302,Chimborazo Highland Quichua,South America,-1.36727,-78.8521,chim1302,qug,quec1387,colo1257,False,language,vulnerable,,,0,0,0,EC
chin1272,Creolized Grand Ronde Chinook Jargon,North America,55.0,-125.0,chin1272,chn,chin1490,lowe1438,False,language,critically endangered,,,0,0,0,CA US
chiq1250,Chiquihuitlán Mazatec,North America,18.0541,-96.6659,chiq1250,maq,otom1299,maza1308,False,language,definitely endangered,,,0,0,0,MX
chol1282,Chol,North America,17.4897,-92.4698,chol1282,ctu,maya1287,chol1281,False,language,safe,,,0,0,0,MX
chol1284,Cholón,South America,-9.23129,-75.9621,chol1284,cht,hibi1242,hibi1242,False,language,extinct,,,0,0,0,PE
chop1243,Chopi,Africa,-24.8327,34.1097,chop1243,cce,atla1278,chop1242,False,language,safe,,,0,0,6,MZ
chra1242,Chrau,Eurasia,10.8021,107.293,chra1242,crw,aust1305,mnon1258,False,language,vulnerable,,,0,0,9,VN
chum1261,Chumburung,Africa,8.15211,-0.2755,chum1261,ncu,atla1278,rive1262,False,language,safe,,,0,0,3,GH
chuu1238,Chuukese,Papunesia,7.346993,151.598607,chuu1238,chk,aust1307,mort1238,False,language,safe,,,0,0,2,FM
chuv1255,Chuvash,Eurasia,55.487,47.163,chuv1255,chv,turk1311,bolg1249,False,language,vulnerable,,,0,0,2,EE KZ RU
ciac1237,Cia-Cia,Papunesia,-5.68289,122.791,ciac1237,cia,aust1307,buto1237,False,language,safe,,,0,0,10,ID
clas1254,Classical Tibetan,Eurasia,,,clas1254,xct,sino1245,oldm1245,False,language,extinct,,,0,0,0,CN
coat1238,Coatlán Mixe,North America,16.9404,-95.4659,coat1238,mco,mixe1284,lowl1263,False,language,vulnerable,,,0,0,2,MX
coco1260,Cocos Islands Malay,Papunesia,-12.193342,96.833679,coco1260,coa,aust1307,beta1260,False,language,definitely endangered,,,0,0,0,MY
copa1236,Copainalá Zoque,North America,17.2157,-93.3183,copa1236,zoc,mixe1284,chia1261,False,language,definitely endangered,,,0,0,2,MX
copt1239,Coptic,Africa,29.472,31.2053,copt1239,cop,afro1255,egyp1245,False,language,extinct,,,0,0,9,EG
creo1235,Guyanese Creole English,South America,4.070915,-58.918172,creo1235,gyn,indo1319,barb1267,False,language,safe,,,0,0,0,GY SR
crow1244,Crow,North America,45.368,-107.874,crow1244,cro,siou1252,miss1252,False,language,definitely endangered,,,0,0,0,US
culi1244,Culina,South America,-8.55268,-70.6648,culi1244,cul,araw1282,madi1263,False,language,definitely endangered,,,0,0,2,BR PE
cupe1243,Cupeño,North America,33.3148,-116.515,cupe1243,cup,utoa1244,cahu1263,False,language,extinct,,,0,0,0,US
curr1243,Curripaco,South America,0.69618,-67.5028,curr1243,kpc,araw1281,bani1259,False,language,vulnerable,,,0,0,2,BR CO VE
czec1258,Czech,Eurasia,49.873398,15.10437,czec1258,ces,indo1319,czec1261,False,language,safe,,,0,0,6,AT CZ PL SK
daak1235,Da'a Kaili,Papunesia,-1.21051,119.527,daak1235,kzf,aust1307,kail1254,False,language,safe,,,0,0,2,ID
dame1241,Dameli,Eurasia,35.299,71.6806,dame1241,dml,indo1319,kuna1264,False,language,vulnerable,,,0,0,0,PK
dani1285,Danish,Eurasia,54.8655,9.36284,dani1285,dan,indo1319,sout3248,False,language,safe,,,0,0,0,DE DK
dari1249,Dari,Eurasia,31.0405,67.3593,dari1249,prs,indo1319,east2745,False,language,safe,,,0,0,2,AF IR PK TJ TM
daur1238,Dagur,Eurasia,48.0,124.0,daur1238,dta,mong1329,mong1329,False,language,definitely endangered,,,0,0,3,CN KZ MN
dehu1237,Dehu,Papunesia,-20.8892,167.229,dehu1237,dhv,aust1307,loya1239,False,language,safe,,,0,0,2,NC
dera1245,Dera (Indonesia),Papunesia,-3.52309,140.947,dera1245,kbv,sena1264,sena1264,False,language,definitely endangered,,,0,0,5,ID PG
diml1238,Dimli,Eurasia,38.6147,39.6388,diml1238,diq,indo1319,zaza1246,False,language,vulnerable,,,0,0,5,TR
djam1255,Jaminjung-Ngaliwurru,Australia,-15.0558,130.06,djam1255,djd,mirn1241,djam1254,False,language,definitely endangered,,,0,0,2,AU
djin1253,Djinang,Australia,-12.462,134.82,djin1253,dji,pama1250,west2440,False,language,definitely endangered,,,0,0,6,AU
domm1246,Dom,Papunesia,-6.03737,144.895,domm1246,doa,nucl1709,kuma1279,False,language,safe,,,0,0,1,PG
doro1266,Doromu-Koki,Papunesia,-9.56687,147.986,doro1266,kqc,manu1261,manu1261,False,language,safe,,,0,0,3,PG
dual1243,Duala,Africa,4.10208,9.61877,dual1243,dua,atla1278,dual1245,False,language,safe,,,0,0,4,CM
dumb1241,Dumbea,Papunesia,-22.0947,166.531,dumb1241,duf,aust1307,extr1245,False,language,vulnerable,,,0,0,3,NC
duru1236,Duruwa,Eurasia,19.0534,82.4881,duru1236,pci,drav1251,parj1243,False,language,vulnerable,,,0,0,4,IN
dusn1237,Dusner,Papunesia,-2.73859,134.391,dusn1237,dsn,aust1307,biak1249,False,language,critically endangered,,,0,0,0,ID
dutc1256,Dutch,Eurasia,52.0,5.0,dutc1256,nld,indo1319,mode1257,False,language,safe,,,0,0,5,BE BR DE GF GY NL SR
dzon1239,Dzongkha,Eurasia,27.410786,89.581604,dzon1239,dzo,sino1245,nucl1307,False,language,vulnerable,,,0,0,3,BT CN IN NP
east2328,Eastern Mari,Eurasia,55.8307,48.405,east2328,mhr,ural1272,mari1278,False,language,vulnerable,,,0,0,1,KZ RU
east2344,Eastern Khams,Eurasia,,,east2344,,sino1245,kham1282,False,dialect,safe,,,0,0,0,
east2440,East Makian,Papunesia,0.07337,127.423,east2440,mky,aust1307,east2439,False,language,definitely endangered,,,0,0,2,ID
east2542,Eastern Ojibwa,North America,45.0112,-79.7503,east2542,ojg,algi1248,cent2252,False,language,definitely endangered,,,0,0,0,CA
east2652,Eastern Oromo,Africa,8.67428,41.4395,east2652,hae,afro1255,sout3218,False,language,safe,,,0,0,4,ET
edol1239,Edolo,Papunesia,-6.11618,142.65,edol1239,etr,bosa1245,etor1234,False,language,safe,,,0,0,2,PG
egyp1253,Egyptian Arabic,Africa,31.0,31.0,egyp1253,arz,afro1255,egyp1254,False,language,safe,,,0,0,3,EG IL LY
ende1246,Ende,Papunesia,-8.70998,121.555,ende1246,end,aust1307,ende1245,False,language,safe,,,0,0,2,ID
enga1252,Enga,Papunesia,-5.45619,143.685,enga1252,enq,nucl1709,enga1251,False,language,safe,,,0,0,13,PG
erzy1239,Erzya,Eurasia,52.8548,45.3901,erzy1239,myv,ural1272,mord1256,False,language,definitely endangered,,,0,0,0,AZ BY EE KZ LT LV RU UA
esto1258,Estonian,Eurasia,58.55,25.82,esto1258,ekk,ural1272,cent2329,False,language,safe,,,0,0,2,EE LV RU
even1260,Even,Eurasia,70.6687,130.914,even1260,eve,tung1282,nort3147,False,language,severely endangered,,,0,0,10,RU
ewee1241,Ewe,Africa,6.46061,0.814975,ewee1241,ewe,atla1278,west2802,False,language,safe,,,0,0,14,GH TG
ewon1239,Ewondo,Africa,4.21141,11.93646,ewon1239,ewo,atla1278,ewon1241,False,language,safe,,,0,0,15,CM GA GQ
fiji1243,Fijian,Papunesia,-18.0,178.33,fiji1243,fij,aust1307,east2446,False,language,safe,,,0,0,8,FJ
finn1318,Finnish,Eurasia,64.7628,25.5577,finn1318,fin,ural1272,nucl1717,False,language,safe,,,0,0,7,EE FI NO RU SE
foii1241,Foi,Papunesia,-6.47258,143.495,foii1241,foi,east2499,east2499,False,language,safe,,,0,0,4,PG
food1238,Foodo,Africa,9.56489,1.40486,food1238,fod,atla1278,giky1241,False,language,safe,,,0,0,0,BJ TG
ford1242,Fordata,Papunesia,-7.28902,131.511,ford1242,frd,aust1307,keif1237,False,language,vulnerable,,,0,0,4,ID
fore1274,Forest Nenets,Eurasia,63.72,71.97,fore1274,,ural1272,nene1251,False,language,definitely endangered,,,0,0,4,RU
friu1240,Friulian,Eurasia,46.1473,13.0493,friu1240,fur,indo1319,gall1280,False,language,vulnerable,,,0,0,3,AT IT
fuli1240,Fuliiru,Africa,-3.04022,28.9865,fuli1240,flr,atla1278,fuli1242,False,language,safe,,,0,0,0,BI CD
furu1242,Furu,Africa,4.485,20.6448,furu1242,fuu,cent2225,barh1234,False,language,safe,,,0,0,0,CD CF
gadd1244,Gaddang,Papunesia,16.5468,121.177,gadd1244,gad,aust1307,caga1242,False,language,safe,,,0,0,0,PH
galo1242,Galo,Eurasia,27.9805586,94.6884956,galo1242,adl,sino1245,suba1255,False,language,vulnerable,,,0,0,0,IN
galo1243,Galoli-Talur,Papunesia,-8.61074,125.959,galo1243,gal,aust1307,nort3194,False,language,vulnerable,,,0,0,10,ID TL
gant1244,Gants,Papunesia,-5.28113,144.771,gant1244,gao,nucl1709,east2767,False,language,safe,,,0,0,0,PG
garo1247,Garo,Eurasia,25.2954,90.462,garo1247,grt,sino1245,bodo1279,False,language,vulnerable,,,0,0,10,BD IN
gayo1244,Gayo,Papunesia,4.3733,97.3456,gayo1244,gay,aust1307,nort2829,False,language,vulnerable,,,0,0,4,ID
gran1245,Grangali,Eurasia,34.6485,70.7323,gran1245,nli,indo1319,gawa1246,False,language,definitely endangered,,,0,0,3,AF
gras1249,Grass Koiari,Papunesia,-9.51218,147.437,gras1249,kbk,koia1260,koit1243,False,language,definitely endangered,,,0,0,3,PG
guer1243,Guerrero Amuzgo,North America,16.77226,-98.18953,guer1243,amu,otom1299,amuz1254,False,language,vulnerable,,,0,0,0,MX
gugu1254,Gugubera,Australia,-15.4296,141.635,gugu1254,kkp,pama1250,dhaw1234,False,language,severely endangered,,,0,0,0,AU
guja1253,Gujari,Eurasia,34.3768,73.1461,guja1253,gju,indo1319,mewa1254,False,language,safe,,,0,0,3,AF IN PK
gunw1252,Bininj Kun-Wok,Australia,-12.3398,133.358,gunw1252,gup,gunw1250,cent2231,False,language,definitely endangered,,,0,0,8,AU
gupa1247,Gupapuyngu,Australia,-12.2868,135.337,gupa1247,guf,pama1250,east2378,False,language,definitely endangered,,,0,0,6,AU
gura1251,Gurani,Eurasia,36.8377,44.4956,gura1251,hac,indo1319,gora1267,False,language,vulnerable,,,0,0,6,IQ IR
halb1244,Halbi,Eurasia,20.3081,81.3742,halb1244,hlb,indo1319,halb1246,False,language,safe,,,0,0,9,IN
halh1238,Halh Mongolian,Eurasia,48.324,106.289,halh1238,khk,mong1329,mong1331,False,language,definitely endangered,,,0,0,5,MN RU
halk1245,Halkomelem,North America,48.0751,-122.029,halk1245,hur,sali1255,cent2129,False,language,definitely endangered,,,0,0,4,CA US
hamt1247,Hamtai,Papunesia,-7.54975,146.227,hamt1247,hmt,anga1289,kapa1251,False,language,safe,,,0,0,5,PG
haus1257,Hausa,Africa,11.1513,8.7804,haus1257,hau,afro1255,west2718,False,language,safe,,,0,0,19,BF BJ CM NE NG TD
hebr1245,Modern Hebrew,Eurasia,31.1056,35.0179,hebr1245,heb,afro1255,hebr1246,False,language,safe,,,0,0,2,IL JO LB PS SY
heib1243,Ebang,Africa,11.2908,30.5282,heib1243,hbn,heib1242,eban1242,False,language,vulnerable,,,0,0,0,SD
helo1243,Helong,Papunesia,-10.2647,123.377,helo1243,heg,aust1307,west2545,False,language,vulnerable,,,0,0,3,ID
hert1241,Hertevin,Eurasia,37.373,42.5192,hert1241,hrt,afro1255,boht1239,False,language,severely endangered,,,0,0,3,TR
high1276,Highland Popoluca,North America,18.198,-94.9109,high1276,poi,mixe1284,gulf1238,False,language,vulnerable,,,0,0,0,MX
hili1240,Hiligaynon,Papunesia,10.4018,122.974,hili1240,hil,aust1307,capi1240,False,language,safe,,,0,0,4,PH
hind1269,Hindi,Eurasia,25.0,77.0,hind1269,hin,indo1319,hind1270,False,language,safe,,,0,0,4,BD BT IN NP
hiri1237,Hiri Motu,Papunesia,-9.33333,147.083,hiri1237,hmo,pidg1258,motu1248,False,language,safe,,,0,0,2,PG
hiww1237,Hiw,Papunesia,-13.126367,166.584857,hiww1237,hiw,aust1307,hiwl1234,False,language,definitely endangered,,,0,0,0,VU
huam1247,Huambisa,South America,-3.99109,-77.9797,huam1247,hub,jiva1245,shua1256,False,language,definitely endangered,,,0,0,0,PE
huam1248,Huamalíes-Dos de Mayo Huánuco Quechua,South America,-9.15718,-76.3372,huam1248,qvh,quec1387,huay1239,False,language,vulnerable,,,0,0,3,PE
huay1240,Huaylas Ancash Quechua,South America,-9.38709,-77.7768,huay1240,qwh,quec1387,huay1239,False,language,vulnerable,,,0,0,3,PE
hueh1236,Huehuetla Tepehua,North America,20.6189,-97.9347,hueh1236,tee,toto1251,tepe1243,False,language,definitely endangered,,,0,0,0,MX
hula1244,Hulaulá,Eurasia,31.9111,43.4865,hula1244,huy,afro1255,sout3219,False,language,definitely endangered,,,0,0,4,IL IR US
hung1274,Hungarian,Eurasia,46.9068585714,19.6555271429,hung1274,hun,ural1272,ural1272,False,language,severely endangered,,,0,0,10,AT HR HU RO RS SI SK UA
hupa1239,Hupa,North America,41.0982,-123.68,hupa1239,hup,atha1245,cali1245,False,language,critically endangered,,,0,0,0,US
idaa1241,Ida'an,Papunesia,5.29059,118.515,idaa1241,dbj,aust1307,nort3172,False,language,vulnerable,,,0,0,3,MY
idom1241,Idoma,Africa,7.19139,7.71261,idom1241,idu,atla1278,nucl1732,False,language,safe,,,0,0,4,NG
igna1246,Ignaciano,South America,-15.1188,-65.3993,igna1246,ign,araw1281,moxo1234,False,language,definitely endangered,,,0,0,0,BO
ilok1237,Iloko,Papunesia,15.9361,120.993,ilok1237,ilo,aust1307,nort3238,False,language,safe,,,0,0,0,PH
indo1316,Indonesian,Papunesia,-7.33458,109.716,indo1316,ind,aust1307,indo1326,False,language,safe,,,0,0,2,ID NL PH SA SG US
indo1317,Indonesian Bajau,Papunesia,-3.68664,122.253,indo1317,bdl,aust1307,born1254,False,language,vulnerable,,,0,0,11,ID
inon1237,Inonhan,Papunesia,12.284,122.03,inon1237,loc,aust1307,west2820,False,language,safe,,,0,0,4,PH
irar1238,Irarutu,Papunesia,-2.94438,133.586,irar1238,irh,aust1307,nabi1238,False,language,vulnerable,,,0,0,0,ID
iris1253,Irish,Eurasia,53.2186,-7.61509,iris1253,gle,indo1319,west2822,False,language,definitely endangered,,,0,0,3,GB IE
iron1242,Iron,Eurasia,,,iron1242,,indo1319,osse1243,False,dialect,safe,,,0,0,0,
ital1282,Italian,Eurasia,43.0464,12.6489,ital1282,ita,indo1319,ital1287,False,language,safe,,,0,0,4,AT CH FR HR IT SI SM VA
itza1241,Itzá,North America,17.0269,-89.8734,itza1241,itz,maya1287,mopa1242,False,language,severely endangered,,,0,0,0,GT
ivat1242,Itbayat,Papunesia,20.3848,121.975,ivat1242,ivv,aust1307,yami1257,False,language,safe,,,0,0,3,PH
iwai1244,Iwaidja,Australia,-11.3379,132.453,iwai1244,ibd,iwai1246,cent2228,False,language,definitely endangered,,,0,0,1,AU
jamb1236,Jambi Malay,Papunesia,-2.6469,103.13,jamb1236,jax,aust1307,indo1326,False,language,safe,,,0,0,3,ID
jams1239,Jamsay Dogon,Africa,14.1794,-2.57999,jams1239,djm,dogo1299,plai1257,False,language,safe,,,0,0,5,BF ML
jauj1238,Jauja Wanca Quechua,South America,-11.6747,-75.2786,jauj1238,qxw,quec1387,jauj1237,False,language,severely endangered,,,0,0,0,PE
java1254,Javanese,Papunesia,-0.572307,110.885,java1254,jav,aust1307,mode1251,False,language,safe,,,0,0,24,ID MY
jeme1245,Towa,North America,35.5994,-106.766,jeme1245,tow,kiow1265,kiow1265,False,language,definitely endangered,,,0,0,0,US
juku1254,Jukun Takum,Africa,7.20236,10.2576,juku1254,jbu,atla1278,juku1259,False,language,safe,,,0,0,2,CM NG
kaba1278,Kabardian,Eurasia,43.5082,43.3918,kaba1278,kbd,abkh1242,circ1239,False,language,vulnerable,,,0,0,1,RU TR
kaby1243,Kabyle,Africa,36.4103,4.76137,kaby1243,kab,afro1255,kaby1244,False,language,vulnerable,,,0,0,2,DZ
kaga1255,Kagan Kalagan,Papunesia,7.10698,125.61,kaga1255,kll,aust1307,kaga1259,False,language,safe,,,0,0,0,PH
kaga1256,Kagayanen,Papunesia,10.4656,119.872,kaga1256,cgc,aust1307,nort2884,False,language,safe,,,0,0,0,PH
kala1373,Kalami,Eurasia,35.5303,72.5738,kala1373,gwc,indo1319,dirs1236,False,language,definitely endangered,,,0,0,6,PK
kala1399,Kalaallisut,North America,69.3761,-52.864,kala1399,kal,eski1264,gree1280,False,language,vulnerable,,,0,0,0,GL
kalm1243,Oirad-Kalmyk,Eurasia,46.566667,45.316667,kalm1243,xal,mong1329,oira1261,False,language,definitely endangered,,,0,0,20,CN KZ MN RU
kamb1299,Kambera,Papunesia,-9.88447,120.235,kamb1299,xbr,aust1307,kamb1320,False,language,safe,,,0,0,7,ID
kana1281,Kanauji,Eurasia,27.1074,79.2883,kana1281,bjj,indo1319,west2812,False,language,vulnerable,,,0,0,3,IN
kana1286,Kanakanavu,Papunesia,23.3235,120.887,kana1286,xnb,aust1307,kana1292,False,language,critically endangered,,,0,0,0,TW
kano1245,Kanoê,South America,-12.1789,-64.5812,kano1245,kxo,,,False,language,critically endangered,,,0,0,0,BR
kapr1245,Kapriman,Papunesia,-4.51011,143.241,kapr1245,dju,sepi1257,kapr1244,False,language,vulnerable,,,0,0,2,PG
karb1241,Hills Karbi,Eurasia,25.7317,93.0462,karb1241,mjw,sino1245,karb1240,False,language,safe,,,0,0,3,IN
kari1301,Karipúna Creole French,South America,3.42825,-51.6888,kari1301,kmv,indo1319,guya1252,False,language,vulnerable,,,0,0,0,BR
kaur1271,Kaure-Narau,Papunesia,-3.39188,140.14,kaur1271,bpp,,,False,language,definitely endangered,,,0,0,0,ID
kawa1283,Kawaiisu,North America,36.0538,-118.679,kawa1283,xaw,utoa1244,sout2968,False,language,critically endangered,,,0,0,0,US
kaza1248,Kazakh,Eurasia,41.8729,65.7709,kaza1248,kaz,turk1311,sout2701,False,language,safe,,,0,0,3,AF CN IR KG KZ MN RU TJ TM UZ
keda1252,Kedang,Papunesia,-8.23039,123.77,keda1252,ksx,aust1307,flor1239,False,language,safe,,,0,0,0,ID
kemb1249,Mateq,Papunesia,0.66181,110.468,kemb1249,xem,aust1307,sout2922,False,language,safe,,,0,0,0,ID MY
kend1254,Kendayan,Papunesia,1.47957,109.467,kend1254,knx,aust1307,west2821,False,language,safe,,,0,0,2,ID MY
keri1250,Kerinci,Papunesia,-1.93668,101.403,keri1250,kvr,aust1307,nucl1733,False,language,vulnerable,,,0,0,5,ID
kham1281,Khamnigan Mongol,Eurasia,49.0,117.0,kham1281,,mong1329,oira1260,False,language,severely endangered,,,0,0,0,CN
khan1273,Kazym-Berezover-Suryskarer Khanty,Eurasia,62.4308,66.1218,khan1273,kca,ural1272,nort3264,False,language,definitely endangered,,,0,0,4,RU
khva1239,Khwarshi-Inkhoqwari,Eurasia,42.2743,45.9977,khva1239,khv,nakh1245,west2429,False,language,definitely endangered,,,0,0,2,RU
kima1246,Kimaama,Papunesia,-8.01899,138.355,kima1246,kig,kolo1268,kima1245,False,language,vulnerable,,,0,0,0,ID
kiny1244,Kinyarwanda,Africa,-1.56771,29.6441,kiny1244,kin,atla1278,rwan1241,False,language,safe,,,0,0,7,BI CD RW TZ UG
kipu1237,Kiput,Papunesia,4.16535,114.367,kipu1237,kyi,aust1307,cent2272,False,language,definitely endangered,,,0,0,3,BN MY
kist1241,Kistane,Africa,8.33561,38.4763,kist1241,gru,afro1255,ngro1237,False,language,safe,,,0,0,2,ET
kitj1240,Kitja,Australia,-17.5758,127.392,kitj1240,gia,jarr1235,jarr1235,False,language,severely endangered,,,0,0,0,AU
kolc1235,Kol (Cameroon),Africa,3.65994,12.8574,kolc1235,biw,atla1278,maka1324,False,language,safe,,,0,0,4,CM
kome1238,Komering,Papunesia,-3.79215,105.107,kome1238,kge,aust1307,lamp1241,False,language,vulnerable,,,0,0,0,ID
komi1268,Komi-Zyrian,Eurasia,64.0527,54.946,komi1268,kpv,ural1272,komi1267,False,language,critically endangered,,,0,0,0,RU
komi1269,Komi-Permyak,Eurasia,59.6602,54.7959,komi1269,koi,ural1272,komi1267,False,language,vulnerable,,,0,0,3,RU
komi1277,Komi-Yazva,Eurasia,60.717,55.756,komi1277,,ural1272,komi1267,False,language,definitely endangered,,,0,0,0,RU
komo1261,Komodo,Papunesia,-8.64518,119.477,komo1261,kvh,aust1307,mang1430,False,language,vulnerable,,,0,0,0,ID
kona1242,Konai,Papunesia,-5.66011,142.069,kona1242,kxw,east2433,east2433,False,language,safe,,,0,0,0,PG
koon1245,Koonzime,Africa,3.25933,13.54152,koon1245,ozm,atla1278,njem1234,False,language,safe,,,0,0,2,CM
kora1294,Korafe-Yegha,Papunesia,-9.07,149.267,kora1294,kpr,nucl1709,gaen1235,False,language,safe,,,0,0,1,PG
kori1263,Koriko,Papunesia,,,kori1263,,manu1261,doro1266,False,dialect,safe,,,0,0,0,
kove1237,Kove,Papunesia,-5.58623,149.63,kove1237,kvc,aust1307,kali1298,False,language,definitely endangered,,,0,0,0,PG
koya1253,Koyaga,Africa,8.29177,-6.23255,koya1253,kga,mand1469,koro1315,False,language,safe,,,0,0,4,CI
koyr1240,Koyra Chiini Songhay,Africa,16.192,-3.73962,koyr1240,khq,song1307,nort2822,False,language,safe,,,0,0,2,ML MR
koyr1242,Koyraboro Senni Songhai,Africa,16.9634,-0.55187,koyr1242,ses,song1307,east2431,False,language,safe,,,0,0,0,ML NE
krio1252,Kriol,Australia,-18.135,137.669,krio1252,rop,indo1319,paci1280,False,language,safe,,,0,0,0,AU
kuan1248,Kuanua,Papunesia,-4.30986,152.114,kuan1248,ksd,aust1307,mini1257,False,language,safe,,,0,0,14,PG
kuma1280,Kuman,Papunesia,-5.90586,144.977,kuma1280,kue,nucl1709,kuma1279,False,language,safe,,,0,0,3,PG
kumi1248,Tipai,North America,32.331,-116.604,kumi1248,dih,coch1271,dieg1234,False,language,severely endangered,,,0,0,0,MX US
kupa1239,Kupang Malay,Papunesia,-10.2526,123.63,kupa1239,mkn,aust1307,east2743,False,language,safe,,,0,0,1,ID
kuru1302,Kurukh,Eurasia,24.4644,86.4657,kuru1302,kru,drav1251,kuru1301,False,language,vulnerable,,,0,0,2,BD BT IN
kute1248,Kutep,Africa,7.07479,10.0916,kute1248,kub,atla1278,juku1257,False,language,safe,,,0,0,5,CM NG
kute1249,Kutenai,North America,48.7892,-115.065,kute1249,kut,,,False,language,severely endangered,,,0,0,0,CA US
kuwa1246,Kuwaataay,Africa,12.48255,-16.74835,kuwa1246,cwt,atla1278,kwat1245,False,language,definitely endangered,,,0,0,0,SN
kwaz1243,Kwaza,South America,-11.6667,-61.1833,kwaz1243,xwa,,,False,language,severely endangered,,,0,0,0,BR
lagw1237,Lagwan,Africa,11.5592,14.9884,lagw1237,kot,afro1255,koto1263,False,language,vulnerable,,,0,0,3,CM NG TD
lahu1253,Lahu,Eurasia,21.2701,100.214,lahu1253,lhu,sino1245,laho1234,False,language,safe,,,0,0,4,CN LA MM TH VN
laiy1246,Laiyolo,Papunesia,-6.45512,120.483,laiy1246,lji,aust1307,kala1393,False,language,definitely endangered,,,0,0,2,ID
lala1268,Lala,Papunesia,-8.93195,146.749,lala1268,nrz,aust1307,nucl1506,False,language,safe,,,0,0,0,PG
lama1277,Lamaholot,Papunesia,-8.36439,122.803,lama1277,slp,aust1307,flor1242,False,language,safe,,,0,0,12,ID
lamb1269,Lambadi,Eurasia,16.5734,76.9717,lamb1269,lmn,indo1319,raja1256,False,language,safe,,,0,0,3,IN
lamp1242,Lampung Nyo,Papunesia,-4.43957,105.397,lamp1242,abl,aust1307,lamp1241,False,language,safe,,,0,0,3,ID
lamp1243,Lampung Api,Papunesia,-5.73463,105.037,lamp1243,ljp,aust1307,lamp1241,False,language,vulnerable,,,0,0,0,ID
laoo1244,Lao,Eurasia,16.0726,104.568,laoo1244,lao,taik1256,laot1235,False,language,safe,,,0,0,6,KH LA TH
lara1260,Larantuka Malay,Papunesia,-8.4746,122.7619,lara1260,lrt,aust1307,east2743,False,language,vulnerable,,,0,0,0,ID
lari1255,Larike-Wakasihu,Papunesia,-3.76522,127.956,lari1255,alo,aust1307,east2468,False,language,vulnerable,,,0,0,3,ID
lati1261,Latin,Eurasia,41.9026,12.4502,lati1261,lat,indo1319,impe1234,False,language,extinct,,,0,0,0,VA
lavu1241,Lavukaleve,Papunesia,-9.05569,159.119,lavu1241,lvk,,,False,language,definitely endangered,,,0,0,0,SB
ledo1238,Ledo Kaili,Papunesia,-1.03033,120.132,ledo1238,lew,aust1307,kail1254,False,language,safe,,,0,0,10,ID
lega1249,Lega-Shabunda,Africa,-3.83196,27.1424,lega1249,lea,atla1278,west2869,False,language,safe,,,0,0,6,CD
lele1266,Lele (Guinea),Africa,8.98043,-10.371,lele1266,llc,mand1469,nucl1445,False,language,safe,,,0,0,4,GN
leti1246,Leti (Indonesia),Papunesia,-8.19808,127.674,leti1246,lti,aust1307,luan1262,False,language,definitely endangered,,,0,0,0,ID
lewo1244,Lewotobi,Papunesia,-8.54573,122.747,lewo1244,lwt,aust1307,flor1242,False,language,safe,,,0,0,0,ID
libe1240,Kru Pidgin English,Africa,6.423,-10.5284,libe1240,lir,pidg1258,engl1287,False,language,safe,,,0,0,0,LR
lioo1240,Li'o,Papunesia,-8.68615,121.832,lioo1240,ljl,aust1307,ende1245,False,language,safe,,,0,0,0,ID
lish1245,Lishanid Noshan,Eurasia,44.065281,36.213298,lish1245,aij,afro1255,sout3213,False,language,severely endangered,,,0,0,12,IL
lish1247,Lishana Deni,Eurasia,31.7745,35.2225,lish1247,lsd,afro1255,nort3242,False,language,definitely endangered,,,0,0,8,IL
lith1251,Lithuanian,Eurasia,55.1429,23.9601,lith1251,lit,indo1319,east2280,False,language,safe,,,0,0,9,BY LT LV PL RU
logb1245,Logba,Africa,6.92838,0.43068,logb1245,lgq,atla1278,nato1234,False,language,definitely endangered,,,0,0,0,GH
loto1240,Lo-Toga,Papunesia,-13.334872,166.634338,loto1240,lht,aust1307,hiwl1234,False,language,definitely endangered,,,0,0,0,VU
louu1245,Lou,Papunesia,-2.38659,147.346,louu1245,loj,aust1307,loup1244,False,language,safe,,,0,0,1,PG
luch1239,Luchazi,Africa,-14.0648,22.2437,luch1239,lch,atla1278,ngan1306,False,language,safe,,,0,0,0,AO NA ZM
lund1271,Lundayeh,Papunesia,4.25064,115.5,lund1271,lnd,aust1307,kela1257,False,language,safe,,,0,0,11,BN ID MY
luok1236,Luo (Kenya and Tanzania),Africa,-0.93296,34.4896,luok1236,luo,nilo1247,adho1242,False,language,safe,,,0,0,0,KE TZ
lusi1240,Lusi,Papunesia,-5.55033,149.148,lusi1240,khl,aust1307,kali1298,False,language,safe,,,0,0,1,PG
mach1266,Machame,Africa,-3.29385,37.0703,mach1266,jmc,atla1278,west2852,False,language,safe,,,0,0,5,TZ
madh1244,Madhi Madhi,Australia,-34.5,143.5,madh1244,dmd,pama1250,west2443,False,dialect,extinct,,,0,0,0,AU
maib1239,Maybrat-Karon,Papunesia,-1.3679,132.591,maib1239,ayz,,,False,language,safe,,,0,0,6,ID
mait1250,Maithili,Eurasia,26.3817,86.2211,mait1250,mai,indo1319,mait1255,False,language,safe,,,0,0,17,IN NP
maka1305,Makassar Malay,Papunesia,-5.16108,119.408,maka1305,mfp,aust1307,vehi1234,False,language,extinct,,,0,0,0,ID
maka1311,Makasar,Papunesia,-5.65551,119.838,maka1311,mak,aust1307,nucl1727,False,language,vulnerable,,,0,0,3,ID
maka1316,Makasae-Makalero,Papunesia,-8.65843,126.507,maka1316,mkz,timo1261,east2520,False,language,safe,,,0,0,2,TL
makl1245,Maklere,Papunesia,,,makl1245,mjb,timo1261,maka1316,False,dialect,safe,,,0,0,0,
mala1481,Manado Malay,Papunesia,1.48099,124.843,mala1481,xmm,aust1307,mana1300,False,language,safe,,,0,0,0,ID
mala1494,Mala (Papua New Guinea),Papunesia,-4.35889,145.04,mala1494,ped,nucl1709,kauk1240,False,language,safe,,,0,0,0,PG
mama1276,Mamasa,Papunesia,-3.0811,119.484,mama1276,mqj,aust1307,tora1260,False,language,safe,,,0,0,3,ID
mamb1294,Mambai,Africa,9.6121,14.0013,mamb1294,mcs,atla1278,tupu1245,False,language,vulnerable,,,0,0,0,CM TD
mamm1241,Mam,North America,14.8034,-91.7231,mamm1241,mam,maya1287,mame1240,False,language,vulnerable,,,0,0,0,GT MX
mana1298,Manambu,Papunesia,-4.19082,142.862,mana1298,mle,nduu1242,mana1303,False,language,definitely endangered,,,0,0,0,PG
mand1415,Mandarin Chinese,Eurasia,40.0209,116.228,mand1415,cmn,sino1245,mand1471,False,language,safe,,,0,0,31,CN KP LA MM MN RU TW VN
mang1381,Mangarrayi,Australia,-14.7982,133.803,mang1381,mpc,mang1423,mang1423,False,language,critically endangered,,,0,0,0,AU
mans1258,Northern Mansi,Eurasia,64.4118,61.344,mans1258,mns,ural1272,nort3271,False,language,definitely endangered,,,0,0,4,RU
mans1262,Mansaka,Papunesia,6.79221,126.181,mans1262,msk,aust1307,east2477,False,language,vulnerable,,,0,0,0,PH
mapu1245,Mapudungun,South America,-38.7392,-71.277,mapu1245,arn,arau1255,arau1255,False,language,definitely endangered,,,0,0,3,AR CL
mara1378,Marathi,Eurasia,17.9344,76.6665,mara1378,mar,indo1319,mara1416,False,language,safe,,,0,0,5,IN
mara1404,Maranao,Papunesia,7.79414,124.175,mara1404,mrw,aust1307,dana1253,False,language,safe,,,0,0,0,PH
marg1265,Marghi Central,Africa,10.93854,13.0521,marg1265,mrt,afro1255,bium1270,False,language,safe,,,0,0,4,NG
mart1256,Martu Wangka,Australia,-24.3194,121.954,mart1256,mpj,pama1250,warn1245,False,language,definitely endangered,,,0,0,5,AU
mati1250,Matigsalug Manobo,Papunesia,7.72124,125.16,mati1250,mbt,aust1307,cent2088,False,language,safe,,,0,0,4,PH
maun1240,Mawng,Australia,-11.8393,133.185,maun1240,mph,iwai1246,iwai1246,False,language,vulnerable,,,0,0,0,AU
mauw1238,Mauwake,Papunesia,-4.52416,145.394,mauw1238,mhl,nucl1709,kumi1249,False,language,safe,,,0,0,0,PG
mawa1270,Mawa (Chad),Africa,11.7461,18.2999,mawa1270,mcw,afro1255,east2710,False,language,definitely endangered,,,0,0,0,TD
maya1282,Misool-Salawati Ma'ya,Papunesia,-1.22329,130.909,maya1282,slz,aust1307,raja1258,False,language,vulnerable,,,0,0,3,ID
mehe1243,Mehek,Papunesia,-3.70927,142.498,mehe1243,nux,sepi1257,mehe1244,False,language,definitely endangered,,,0,0,0,PG
mezq1235,Mezquital Otomi,North America,20.2274,-99.5564,mezq1235,ote,otom1299,nort3201,False,language,safe,,,0,0,0,MX US
mian1256,Mian,Papunesia,-4.70881,141.523,mian1256,mpt,nucl1709,mian1255,False,language,definitely endangered,,,0,0,3,PG
midd1357,Middle Clarence Bandjalang,Australia,-29.042737,152.780249,midd1357,bdy,pama1250,inla1268,False,language,safe,,,0,0,4,AU
miga1241,Migabac,Papunesia,-6.33237,147.713,miga1241,mpp,nucl1709,moma1244,False,language,safe,,,0,0,3,PG
mini1251,Minigir,Papunesia,-4.31803,152.005,mini1251,vmg,aust1307,mini1257,False,language,safe,,,0,0,0,PG
minn1241,Min Nan Chinese,Eurasia,24.5,118.17,minn1241,nan,sino1245,coas1318,False,language,safe,,,0,0,20,CN TW
mlah1239,Mlahsö,Eurasia,37.0311,41.2209,mlah1239,lhs,afro1255,turo1240,False,language,extinct,,,0,0,0,SY
moco1246,Mocoví,South America,-28.097,-60.4145,moco1246,moc,guai1249,qomm1235,False,language,definitely endangered,,,0,0,0,AR
mode1248,Modern Greek,Eurasia,42.3224,24.8699,mode1248,ell,indo1319,koin1234,False,language,severely endangered,,,0,0,31,AL BG CY EG GR IT MK RO TR UA
moks1248,Moksha,Eurasia,54.1855,42.6728,moks1248,mdf,ural1272,mord1256,False,language,safe,,,0,0,0,RU
molb1237,Molbog,Papunesia,7.956663,117.030502,molb1237,pwm,aust1307,molb1238,False,language,safe,,,0,0,0,MY PH
mong1330,Mongolia Buriat,Eurasia,48.7686,109.005,mong1330,bxm,mong1329,buri1258,False,language,vulnerable,,,0,0,2,CN MN RU
mori1278,Morisyen,Africa,-20.2613,57.5517,mori1278,mfe,indo1319,isle1246,False,language,safe,,,0,0,0,MU
moro1287,Moronene,Papunesia,-4.62361,121.824,moro1287,mqn,aust1307,east2489,False,language,vulnerable,,,0,0,4,ID
moro1289,Marori,Papunesia,-8.5692,140.688,moro1289,mok,,,False,language,definitely endangered,,,0,0,0,ID
moro1292,Moroccan Arabic,Africa,32.5,-7.5,moro1292,ary,afro1255,moro1295,False,language,safe,,,0,0,7,DZ EH MA
mort1237,Mortlockese,Papunesia,5.50735,153.710778,mort1237,mrl,aust1307,mort1238,False,language,definitely endangered,,,0,0,3,FM
mose1249,Mosetén-Chimané,South America,-14.64448,-67.83756,mose1249,cas,,,False,language,vulnerable,,,0,0,0,BO
mota1237,Mota,Papunesia,-13.835361,167.690924,mota1237,mtt,aust1307,torr1262,False,language,definitely endangered,,,0,0,0,VU
mudu1242,Muduapa,Papunesia,-4.69751,149.489,mudu1242,wiv,aust1307,bali1280,False,language,safe,,,0,0,0,PG
muna1247,Muna,Papunesia,-5.40419,122.541,muna1247,mnb,aust1307,west2847,False,language,vulnerable,,,0,0,23,ID
mund1330,Mundurukú,South America,-8.41095,-57.691,mund1330,myu,tupi1275,mund1329,False,language,definitely endangered,,,0,0,0,BR
munj1244,Munji,Eurasia,35.9321,70.9404,munj1244,mnj,indo1319,yidg1239,False,language,definitely endangered,,,0,0,4,AF
murr1258,Murriny Patha,Australia,-14.74852,129.70152,murr1258,mwf,sout2772,sout2772,False,language,definitely endangered,,,0,0,3,AU
musa1266,Aisi,Papunesia,-5.37407,145.197,musa1266,mmq,nucl1709,aisi1234,False,language,definitely endangered,,,0,0,0,PG
musl1236,Muslim Tat,Eurasia,41.425062,46.645589,musl1236,ttt,indo1319,cauc1242,False,language,severely endangered,,,0,0,11,AZ IR
muss1246,Mussau-Emira,Papunesia,-1.44105,149.624,muss1246,emi,aust1307,stma1240,False,language,definitely endangered,,,0,0,4,PG
naka1262,Nakanai,Papunesia,-5.59931,150.888,naka1262,nak,aust1307,naka1266,False,language,safe,,,0,0,5,PG
nali1244,Nalik,Papunesia,-2.94411,151.332,nali1244,nal,aust1307,tung1294,False,language,safe,,,0,0,0,PG
nama1264,Nama (Namibia),Africa,-25.0747,17.9767,nama1264,naq,khoe1240,nort3245,False,language,vulnerable,,,0,0,6,BW NA ZA
nang1262,Nanggu,Papunesia,-10.7441,165.887,nang1262,ngr,aust1307,reef1242,False,language,severely endangered,,,0,0,0,SB
napu1241,Napu,Papunesia,-1.43707,120.338,napu1241,npy,aust1307,bada1260,False,language,definitely endangered,,,0,0,0,ID
naue1237,Nauete,Papunesia,-8.70733,126.741,naue1237,nxa,aust1307,kawa1289,False,language,definitely endangered,,,0,0,2,TL
nava1243,Navajo,North America,36.2106,-110.082,nava1243,nav,atha1245,west2810,False,language,safe,,,0,0,0,US
naxi1245,Naxi,Eurasia,27.5,100.0,naxi1245,nxq,sino1245,nais1236,False,language,safe,,,0,0,3,CN
nene1249,Tundra Nenets,Eurasia,66.1775,71.0234,nene1249,yrk,ural1272,nene1251,False,language,definitely endangered,,,0,0,3,RU
neng1238,Nengone,Papunesia,-21.5305,167.964,neng1238,nen,aust1307,loya1239,False,language,safe,,,0,0,0,NC
nepa1254,Nepali,Eurasia,28.0,85.0,nepa1254,npi,indo1319,east1436,False,language,safe,,,0,0,9,NP
nese1235,Nese,Papunesia,-15.952608,167.222769,nese1235,,aust1307,nort3230,False,language,definitely endangered,,,0,0,0,VU
ngal1292,Ngalkbun,Australia,-13.9783,133.936,ngal1292,ngk,gunw1250,cent2231,False,language,critically endangered,,,0,0,0,AU
ngam1268,Ngambay,Africa,8.57051,15.414,ngam1268,sba,cent2225,sara1345,False,language,safe,,,0,0,5,CM NG TD
ngka1235,Ngkontar Ngkolmpu,Papunesia,-8.87044,140.818,ngka1235,kcd,more1255,ngka1236,False,language,definitely endangered,,,0,0,0,ID PG
nhan1238,Nhanda,Australia,-27.42523643,114.2680442,nhan1238,nha,pama1250,kart1249,False,language,critically endangered,,,0,0,0,AU
nica1252,Nicaragua Creole English,North America,12.4402,-83.7386,nica1252,bzk,indo1319,beli1261,False,language,vulnerable,,,0,0,0,NI
noga1249,Nogai,Eurasia,43.5917,46.6618,noga1249,nog,turk1311,sout2701,False,language,definitely endangered,,,0,0,6,KZ RU
nort2641,Northern Kurdish,Eurasia,37.0,43.0,nort2641,kmr,indo1319,kurd1259,False,language,safe,,,0,0,15,AM AZ IQ IR JO KW SY TM TR
nort2646,Northern Pashto,Eurasia,34.0,71.33,nort2646,pbu,indo1319,nucl1276,False,language,safe,,,0,0,11,AF IN PK
nort2690,Northern Uzbek,Eurasia,43.7489,59.231,nort2690,uzn,turk1311,uzbe1247,False,language,safe,,,0,0,0,AF CN KG KZ TJ TM UZ
nort2697,North Azerbaijani,Eurasia,40.9777,46.4737,nort2697,azj,turk1311,mode1262,False,language,safe,,,0,0,20,AM AZ GE IR RU TR
nort2828,North Moluccan Malay,Papunesia,-0.86437,128.323,nort2828,max,aust1307,mana1300,False,language,safe,,,0,0,0,ID
nort2976,North Bolivian Quechua,South America,-14.4014,-68.7894,nort2976,qul,quec1387,boli1262,False,language,safe,,,0,0,3,BO PE
nort2980,North Junín Quechua,South America,-11.2132,-75.8128,nort2980,qvn,quec1387,yaru1256,False,language,vulnerable,,,0,0,0,PE
nort3139,North Levantine Arabic,Eurasia,34.1709,36.0468,nort3139,apc,afro1255,leva1239,False,language,safe,,,0,0,11,IL LB SY TR
nort3142,North Mesopotamian Arabic,Eurasia,36.2986,42.0047,nort3142,ayp,afro1255,qelt1235,False,language,safe,,,0,0,0,IQ JO SY TR
nubi1253,Nubi,Africa,-0.183215,34.7552,nubi1253,kcn,afro1255,suda1235,False,language,definitely endangered,,,0,0,0,KE UG US
nucl1235,Eastern Armenian,Eurasia,40.0,45.0,nucl1235,hye,indo1319,east2768,False,language,definitely endangered,,,0,0,18,AM AZ GE IR SY TR
nucl1301,Turkish,Eurasia,39.8667,32.8667,nucl1301,tur,turk1311,west2406,False,language,safe,,,0,0,10,AL AM AZ BG CY GE GR IQ IR MK SY TR
nucl1302,Georgian,Eurasia,41.850397,43.78613,nucl1302,kat,kart1248,geor1253,False,language,safe,,,0,0,16,AM AZ GE IR RU TR
nucl1310,Burmese,Eurasia,20.7926,93.9665,nucl1310,mya,sino1245,oldm1246,False,language,definitely endangered,,,0,0,3,BD MM TH
nucl1440,Masalit,Africa,13.2733,22.1752,nucl1440,mls,maba1274,masa1301,False,language,safe,,,0,0,5,SD TD
nucl1454,Yawa,Papunesia,-1.77196,136.263,nucl1454,yva,yawa1259,yawa1259,False,language,safe,,,0,0,5,ID
nucl1460,Madurese,Papunesia,-7.0,113.0,nucl1460,mad,aust1307,madu1247,False,language,safe,,,0,0,6,ID
nucl1594,Mairasi,Papunesia,-3.4511,134.071,nucl1594,zrs,mair1253,mair1253,False,language,safe,,,0,0,1,ID
nucl1622,Marind,Papunesia,-8.15651,140.009,nucl1622,mrz,anim1240,nucl1621,False,language,vulnerable,,,0,0,5,ID PG
nucl1633,Nimboran,Papunesia,-2.5803,140.179,nucl1633,nir,nimb1257,nimb1257,False,language,severely endangered,,,0,0,0,ID
nucl1634,Skou,Papunesia,-2.64378,140.902,nucl1634,skv,skoo1245,skou1239,False,language,definitely endangered,,,0,0,0,ID
nucl1643,Japanese,Eurasia,35.0,135.0,nucl1643,jpn,japo1237,japa1258,False,language,safe,,,0,0,125,JP
nucl1706,Mandaic,Eurasia,31.3443,48.8128,nucl1706,mid,afro1255,mand1468,False,language,severely endangered,,,0,0,3,AU IQ IR US
nung1290,Wubuy,Australia,-14.2623,135.753,nung1290,nuy,gunw1250,wubu1239,False,language,definitely endangered,,,0,0,0,AU
nuuc1236,Nuu-chah-nulth,North America,49.67,-126.67,nuuc1236,nuk,waka1280,noot1238,False,language,critically endangered,,,0,0,0,US
nyam1271,Nyamal,Australia,-21.6092,119.693,nyam1271,nly,pama1250,nort3178,False,language,critically endangered,,,0,0,0,AU
ocot1243,Ocotepec Mixtec,North America,17.1823,-97.751,ocot1243,mie,otom1299,west2824,False,language,vulnerable,,,0,0,1,MX
oira1263,Oirata,Papunesia,-8.09044,127.201,oira1263,oia,timo1261,fata1246,False,language,definitely endangered,,,0,0,0,ID
olut1240,Oluta Popoluca,North America,17.8937,-94.8863,olut1240,plo,mixe1284,mixe1286,False,language,severely endangered,,,0,0,0,MX
paez1247,Páez,South America,2.61516,-76.3125,paez1247,pbb,,,False,language,vulnerable,,,0,0,2,CO
pagu1249,Pagu,Papunesia,1.2134,127.78,pagu1249,pgu,nort2923,pagu1251,False,language,definitely endangered,,,0,0,3,ID
paiw1248,Paiwan,Papunesia,22.3271,120.806,paiw1248,pwn,aust1307,aust1307,False,language,vulnerable,,,0,0,0,TW
pala1344,Palauan,Papunesia,7.34138,134.476678,pala1344,pau,aust1307,mala1545,False,language,safe,,,0,0,0,PW
pali1273,Pali,Eurasia,24.5271,82.251,pali1273,pli,indo1319,biha1245,False,language,extinct,,,0,0,0,IN MM
pamp1243,Pampanga,Papunesia,14.9603,120.502,pamp1243,pam,aust1307,cent2080,False,language,safe,,,0,0,0,PH
pang1290,Pangasinan,Papunesia,15.9377,120.365,pang1290,pag,aust1307,west2550,False,language,safe,,,0,0,0,PH
panj1256,Eastern Panjabi,Eurasia,30.0368,75.6702,panj1256,pan,indo1319,east2727,False,language,safe,,,0,0,7,BD IN PK
papu1250,Papuan Malay,Papunesia,-2.53482,139.651,papu1250,pmy,aust1307,east2743,False,language,safe,,,0,0,0,ID
para1311,Paraguayan Guaraní,South America,-25.60551,-57.08816,para1311,gug,tupi1275,para1319,False,language,safe,,,0,0,1,AR PY
patt1249,Kelantan-Pattani Malay,Eurasia,6.38148,101.41,patt1249,mfa,aust1307,sing1270,False,language,vulnerable,,,0,0,0,MY TH
payn1244,Manat,Papunesia,-4.94303,144.879,payn1244,pmr,nucl1709,cent2257,False,language,severely endangered,,,0,0,0,PG
pend1242,Pendau,Papunesia,-0.11396,119.862,pend1242,ums,aust1307,sout2925,False,language,definitely endangered,,,0,0,0,ID
piji1239,Pijin,Papunesia,-9.567,160.137,piji1239,pis,indo1319,earl1243,False,language,safe,,,0,0,0,SB
pile1238,Vaeakau-Taumako,Papunesia,-10.173335,166.247188,pile1238,piv,aust1307,nucl1485,False,language,vulnerable,,,0,0,6,SB
pina1252,Pinai-Hagahai,Papunesia,-5.12624,144.137,pina1252,pnn,piaw1238,piaw1238,False,language,vulnerable,,,0,0,2,PG
pipi1250,Pipil,North America,13.8931,-89.443,pipi1250,ppl,utoa1244,east2720,False,language,critically endangered,,,0,0,0,SV
pohn1238,Pohnpeian,Papunesia,6.87212,158.223,pohn1238,pon,aust1307,pona1248,False,language,safe,,,0,0,3,FM
port1283,Portuguese,Eurasia,39.91,-8.1,port1283,por,indo1319,braz1247,False,language,safe,,,0,0,5,AD AR BO BR CO ES FR GF GY PE PT PY SR UY VE
puka1242,Pukapuka,Papunesia,-10.91,-165.83,puka1242,pkp,aust1307,nucl1485,False,language,definitely endangered,,,0,0,0,CK
puma1239,Puma,Eurasia,27.0774,86.838,puma1239,pum,sino1245,sout2736,False,language,definitely endangered,,,0,0,0,NP
pure1242,Purepecha,North America,19.2467,-101.631,pure1242,tsz,tara1323,tara1323,False,language,definitely endangered,,,0,0,0,MX US
quil1240,Quileute,North America,47.9106,-124.603,quil1240,qui,chim1311,chim1311,False,language,extinct,,,0,0,2,US
rama1270,Rama,North America,11.5007,-83.8571,rama1270,rma,chib1249,voti1248,False,language,critically endangered,,,0,0,0,NI
rapa1244,Rapanui,Papunesia,-27.113,-109.342,rapa1244,rap,aust1307,east2449,False,language,definitely endangered,,,0,0,0,CL
raro1241,Southern Cook Island Maori,Papunesia,-21.23,-159.78,raro1241,rar,aust1307,mang1433,False,language,vulnerable,,,0,0,6,CK
rata1244,Ratahan,Papunesia,1.07592,124.858,rata1244,rth,aust1307,sout3155,False,language,definitely endangered,,,0,0,0,ID
remb1249,Rembarrnga,Australia,-12.9608,134.308,remb1249,rmb,gunw1250,jala1236,False,language,severely endangered,,,0,0,0,AU
rian1263,Riantana,Papunesia,-7.50746,138.484,rian1263,ran,kolo1268,kima1245,False,language,safe,,,0,0,0,ID
rovi1238,Roviana,Papunesia,-8.20493,157.408,rovi1238,rug,aust1307,rovi1239,False,language,safe,,,0,0,0,SB
ruka1240,Rukai,Papunesia,22.7738,120.844,ruka1240,dru,aust1307,aust1307,False,language,vulnerable,,,0,0,6,TW
russ1263,Russian,Eurasia,59.0,50.0,russ1263,rus,indo1319,east1426,False,language,critically endangered,,,0,0,3,BY CN EE FI GE KG KP KZ LT LV MD MN NO PL RO RU TM UA UZ
saar1237,Saaroa,Papunesia,23.2632,120.711,saar1237,sxr,aust1307,kana1292,False,language,critically endangered,,,0,0,0,TW
saba1263,Brunei-Sabah Malay,Papunesia,4.64808,117.024,saba1263,msi,aust1307,brun1246,False,language,safe,,,0,0,0,MY
saba1265,Sa'ban,Papunesia,3.58723,115.664,saba1265,snv,aust1307,kela1260,False,language,vulnerable,,,0,0,0,ID MY
saek1240,Saek,Eurasia,17.4558,104.787,saek1240,skb,taik1256,nort3189,False,language,definitely endangered,,,0,0,2,LA TH
sahu1245,Sahu,Papunesia,1.00742,127.493,sahu1245,saj,nort2923,sahu1246,False,language,safe,,,0,0,2,ID
sala1272,Salasaca Highland Quichua,South America,-1.35447,-78.3953,sala1272,qxl,quec1387,colo1257,False,language,definitely endangered,,,0,0,0,EC
samo1305,Samoan,Papunesia,-13.92,-171.83,samo1305,smo,aust1307,samo1310,False,language,safe,,,0,0,0,AS WS
sang1328,Sango,Africa,6.78584,20.1702,sang1328,sag,atla1278,sang1327,False,language,safe,,,0,0,0,CD CF CG TD
sanm1295,San Miguel El Grande Mixtec,North America,17.0777,-97.5432,sanm1295,mig,otom1299,west2824,False,language,vulnerable,,,0,0,4,MX
sans1269,Sanskrit,Eurasia,20.0,77.0,sans1269,san,indo1319,indo1321,False,language,safe,,,0,0,0,IN
saur1248,Saurashtra,Eurasia,9.99172,77.9427,saur1248,saz,indo1319,guja1256,False,language,safe,,,0,0,2,IN
savo1255,Savosavo,Papunesia,-9.12853,159.814,savo1255,svs,,,False,language,definitely endangered,,,0,0,0,SB
sawe1240,Saweru,Papunesia,-1.91473,136.296,sawe1240,swr,yawa1259,yawa1259,False,language,vulnerable,,,0,0,0,ID
sawi1256,Sawila,Papunesia,-8.29105,125.078,sawi1256,swt,timo1261,tang1352,False,language,definitely endangered,,,0,0,5,ID
sela1259,Selaru,Papunesia,-8.18376,130.961,sela1259,slu,aust1307,sout2890,False,language,vulnerable,,,0,0,1,ID
serr1255,Serrano,North America,33.9479,-116.772,serr1255,ser,utoa1244,serr1254,False,language,extinct,,,0,0,0,US
shix1238,Shixing,Eurasia,28.3895,100.4,shix1238,sxg,sino1245,naic1235,False,language,definitely endangered,,,0,0,0,CN
shor1247,Shor,Eurasia,52.3261,88.4344,shor1247,cjs,turk1311,yeni1251,False,language,severely endangered,,,0,0,2,RU
siam1242,Siamou,Africa,10.998,-4.92143,siam1242,sif,,,False,language,safe,,,0,0,1,BF CI ML
sika1262,Sika,Papunesia,-8.67302,122.38,sika1262,ski,aust1307,sika1265,False,language,safe,,,0,0,3,ID
sinh1246,Sinhala,Eurasia,8.0,81.0,sinh1246,sin,indo1319,sinh1247,False,language,safe,,,0,0,1,LK
siss1243,Sissano,Papunesia,-3.01976,142.049,siss1243,sso,aust1307,siss1245,False,language,definitely endangered,,,0,0,0,PG
siwa1245,Siwai,Papunesia,-6.6429,155.452,siwa1245,siw,sout2948,buin1247,False,language,safe,,,0,0,1,PG
skol1241,Skolt Saami,Eurasia,68.8326,29.7204,skol1241,sms,ural1272,main1280,False,language,critically endangered,,,0,0,2,FI NO RU
slav1254,Slavomolisano,Eurasia,41.89,14.7,slav1254,svm,indo1319,west2804,False,language,severely endangered,,,0,0,0,IT
slov1268,Slovenian,Eurasia,46.2543,14.7766,slov1268,slv,indo1319,west2804,False,language,definitely endangered,,,0,0,8,AT HR HU IT SI
slov1269,Slovak,Eurasia,48.545705,18.78479,slov1269,slk,indo1319,czec1260,False,language,vulnerable,,,0,0,0,AT CZ HU PL RS SK UA
soch1239,Sochiapam Chinantec,North America,17.7985,-96.6079,soch1239,cso,otom1299,chin1486,False,language,definitely endangered,,,0,0,0,MX
soma1255,Somali,Africa,4.778704,45.152856,soma1255,som,afro1255,east2653,False,language,safe,,,0,0,5,DJ ET KE SO
sooo1254,Sô,Eurasia,16.9081,105.001,sooo1254,sss,aust1305,west2870,False,language,safe,,,0,0,4,LA TH VN
sout2672,Southeast Pashayi,Eurasia,34.43099,70.30351,sout2672,psi,indo1319,east2322,False,language,vulnerable,,,0,0,5,AF
sout2697,South Azerbaijani,Eurasia,36.5137,48.4302,sout2697,azb,turk1311,mode1262,False,language,safe,,,0,0,14,AF AZ IQ IR TR
sout2746,Southern Thai,Eurasia,6.85668,99.7031,sout2746,sou,taik1256,laot1235,False,language,safe,,,0,0,2,MM MY TH
sout2750,Southern Yukaghir,Eurasia,64.218,154.375,sout2750,yux,yuka1259,koly1247,False,language,critically endangered,,,0,0,0,RU
sout2808,Sumayela Ndebele,Africa,-25.6272,29.048,sout2808,nbl,atla1278,ngun1276,False,language,safe,,,0,0,0,ZA
sout2857,Nahavaq,Papunesia,-16.5116,167.477,sout2857,sns,aust1307,sout3197,False,language,definitely endangered,,,0,0,0,VU
sout2883,Southeast Babar,Papunesia,-7.94359,129.8,sout2883,vbb,aust1307,mase1249,False,language,safe,,,0,0,0,ID
sout2961,Southern Tiwa,North America,34.7873,-106.661,sout2961,tix,kiow1265,tiwa1255,False,language,definitely endangered,,,0,0,2,US
sout2982,Southeastern Pomo,North America,38.9354,-122.599,sout2982,pom,pomo1273,pomo1273,False,language,extinct,,,0,0,0,US
sout2991,South Bolivian Quechua,South America,-20.9201,-66.3331,sout2991,quh,quec1387,boli1262,False,language,safe,,,0,0,6,AR BO CL
sout2994,Southern Nambikuára,South America,-14.3707,-59.5187,sout2994,nab,namb1299,namb1300,False,language,definitely endangered,,,0,0,12,BR
sril1245,Sri Lanka Malay,Eurasia,6.91603,79.864,sril1245,sci,aust1307,vehi1234,False,language,definitely endangered,,,0,0,0,LK
stan1288,Spanish,Eurasia,40.4414,-1.11788,stan1288,spa,indo1319,cast1243,False,language,safe,,,0,0,8,AD AR BO BR BZ CL CO CR CU DO EC ES FR GI GT GY HN HT MA MX NI PA PE PR PT PY SV US UY VE
stan1290,French,Eurasia,48.0,2.0,stan1290,fra,indo1319,glob1239,False,language,safe,,,0,0,16,AD BE CA CH FR GF IT LU MC PM US
stan1293,English,Eurasia,53.0,-1.0,stan1293,eng,indo1319,macr1271,False,language,safe,,,0,0,5,AU BM BR BZ CA CK CU DO FK GB GI GP GT GY HN IE KY LR MX NF PN SH SR US VE ZA
stan1295,German,Eurasia,48.649,12.4676,stan1295,deu,indo1319,high1287,False,language,safe,,,0,0,4,AT BE CH CZ DE DK FR HU IT LI LU NL PL RO SI SK
stan1306,Standard Malay,Eurasia,3.08896,101.699,stan1306,zsm,aust1307,indo1326,False,language,safe,,,0,0,0,BN MY SG
stan1318,Standard Arabic,Eurasia,27.9625,43.8525,stan1318,arb,afro1255,arab1395,False,language,safe,,,0,0,0,AE BH DJ DZ EG ER IL IQ JO KM KW LB LY MA OM PS QA SA SD SO SY TD TN TZ YE
suab1238,Suabo,Papunesia,-2.07971,132.157,suab1238,szp,inan1242,inan1242,False,language,critically endangered,,,0,0,0,ID
suii1243,Sui,Eurasia,24.0488,106.563,suii1243,swi,taik1256,maon1239,False,language,safe,,,0,0,3,CN VN
sumb1240,Sumbwa,Africa,-3.47335,31.9457,sumb1240,suw,atla1278,suku1274,False,language,safe,,,0,0,0,TZ
sumb1241,Sumbawa,Papunesia,-8.71919,117.472,sumb1241,smw,aust1307,sasa1248,False,language,safe,,,0,0,0,ID
sumi1235,Sumi Naga,Eurasia,25.9996,94.4235,sumi1235,nsm,sino1245,reng1253,False,language,safe,,,0,0,4,IN
sund1252,Sundanese,Papunesia,-6.89708,107.106,sund1252,sun,aust1307,sund1251,False,language,safe,,,0,0,4,ID
susu1250,Susu,Africa,10.4046,-13.3628,susu1250,sus,mand1469,susu1249,False,language,safe,,,0,0,0,GN GW SL SN
swah1253,Swahili,Africa,-8.25605,37.624,swah1253,swh,atla1278,momb1256,False,language,definitely endangered,,,0,0,13,BI KE MZ RW SO TZ UG
swed1254,Swedish,Eurasia,59.800634,17.389526,swed1254,swe,indo1319,east2781,False,language,safe,,,0,0,2,DK FI NO SE
taba1266,Tabasco Chontal,North America,18.1713,-92.7367,taba1266,chf,maya1287,chol1281,False,language,vulnerable,,,0,0,3,MX
tach1250,Tachelhit,Africa,29.7854,-7.77879,tach1250,shi,afro1255,atla1275,False,language,safe,,,0,0,1,DZ MA
tafi1243,Tafi,Africa,6.79522,0.39875,tafi1243,tcd,atla1278,nyan1316,False,language,vulnerable,,,0,0,0,GH
taga1270,Tagalog,Papunesia,14.06,121.747,taga1270,tgl,aust1307,taga1269,False,language,safe,,,0,0,8,PH
tagb1257,Tagboussikan,Africa,,,tagb1257,,mand1469,dyul1238,False,dialect,safe,,,0,0,0,
tagb1258,Tagbanwa,Papunesia,9.54263,118.497,tagb1258,tbw,aust1307,nort3185,False,language,safe,,,0,0,0,PH
tahi1242,Tahitian,Papunesia,-17.6485,-149.45,tahi1242,tah,aust1307,tahi1244,False,language,safe,,,0,0,0,PF
taji1245,Tajik,Eurasia,38.8213,68.5549,taji1245,tgk,indo1319,taji1250,False,language,safe,,,0,0,0,AF CN KG TJ UZ
taji1246,Tajio,Papunesia,-0.31553,120.01,taji1246,tdj,aust1307,sout2925,False,language,definitely endangered,,,0,0,0,ID
tami1289,Tamil,Eurasia,10.520219,78.825989,tami1289,tam,drav1251,tami1300,False,language,safe,,,0,0,19,IN LK
tapi1253,Tapieté,South America,-21.4169,-62.684,tapi1253,tpj,tupi1275,chir1295,False,language,definitely endangered,,,0,0,0,AR BO PY
tari1256,Tariana,South America,0.440205,-68.9042,tari1256,tae,araw1281,bani1258,False,language,critically endangered,,,0,0,4,BR CO
tata1255,Tatar,Eurasia,55.0,50.0,tata1255,tat,turk1311,nort2696,False,language,critically endangered,,,0,0,15,AZ BY CN EE FI GE KZ LT LV RU UA
taus1251,Tausug,Papunesia,5.12236,118.88,taus1251,tsg,aust1307,butu1243,False,language,safe,,,0,0,0,ID MY PH
tauy1241,Tauya,Papunesia,-5.74255,145.366,tauy1241,tya,nucl1709,unun9972,False,language,safe,,,0,0,0,PG
tele1256,Telefol,Papunesia,-5.07444,141.731,tele1256,tlf,nucl1709,moun1253,False,language,definitely endangered,,,0,0,2,PG
telu1262,Telugu,Eurasia,16.4529,78.7024,telu1262,tel,drav1251,telu1265,False,language,safe,,,0,0,17,IN
teop1238,Teop,Papunesia,-5.67474,154.971,teop1238,tio,aust1307,tinp1238,False,language,definitely endangered,,,0,0,5,PG
tern1247,Ternate,Papunesia,0.80562,127.333,tern1247,tft,nort2923,tern1246,False,language,definitely endangered,,,0,0,0,ID
tetu1245,Tetum,Papunesia,-9.11217,125.528,tetu1245,tet,aust1307,tetu1244,False,language,safe,,,0,0,3,ID TL
tetu1246,Tetun Dili,Papunesia,-8.58405,125.583,tetu1246,tdt,aust1307,tetu1244,False,language,safe,,,0,0,0,TL
thai1261,Thai,Eurasia,14.192,100.671,thai1261,tha,taik1256,laot1235,False,language,safe,,,0,0,1,KH MM TH
thao1240,Thao,Papunesia,23.8333,120.93,thao1240,ssf,aust1307,west2572,False,language,critically endangered,,,0,0,3,TW
tibe1272,Tibetan,Eurasia,28.3681,90.1872,tibe1272,bod,sino1245,tibe1276,False,language,safe,,,0,0,14,BT CN IN NP
ticu1245,Ticuna,South America,-3.66289,-69.8723,ticu1245,tca,ticu1244,ticu1244,False,language,vulnerable,,,0,0,0,BR CO PE
tido1248,Tidore,Papunesia,0.02461,127.746,tido1248,tvo,nort2923,tern1246,False,language,safe,,,0,0,0,ID
timu1262,Timugon Murut,Papunesia,5.1796,115.826,timu1262,tih,aust1307,nort3186,False,language,vulnerable,,,0,0,9,MY
tiri1258,Tiri-Mea,Papunesia,-21.8147,165.792,tiri1258,cir,aust1307,sout3189,False,language,definitely endangered,,,0,0,2,NC
tlac1235,Tlachichilco Tepehua,North America,20.704,-98.1947,tlac1235,tpt,toto1251,tepe1243,False,language,definitely endangered,,,0,0,0,MX
toab1237,To'abaita,Papunesia,-8.39233,160.619,toab1237,mlu,aust1307,nort3284,False,language,safe,,,0,0,0,SB
toba1269,Toba,South America,-24.40253,-60.4472866667,toba1269,tob,guai1249,pila1244,False,language,vulnerable,,,0,0,2,AR BO PY
tobe1252,Tobelo,Papunesia,1.0946,128.154,tobe1252,tlb,nort2923,tobe1251,False,language,safe,,,0,0,3,ID
tobi1239,Tobilung,Papunesia,6.56097,116.67,tobi1239,tgb,aust1307,dusu1277,False,language,vulnerable,,,0,0,0,MY
tokp1240,Tok Pisin,Papunesia,-9.41971,147.303,tokp1240,tpi,indo1319,earl1243,False,language,safe,,,0,0,0,PG
tond1251,Tondano,Papunesia,1.28024,124.964,tond1251,tdn,aust1307,nort2887,False,language,definitely endangered,,,0,0,3,ID
tong1329,Tongva,North America,34.1,-118.11,tong1329,xgf,utoa1244,serr1254,False,language,extinct,,,0,0,0,US
toto1305,Totontepec Mixe,North America,17.2157,-96.0179,toto1305,mto,mixe1284,oaxa1241,False,language,definitely endangered,,,0,0,0,MX
tsha1245,Tshangla,Eurasia,27.3694,91.7741,tsha1245,tsj,sino1245,tsha1247,False,language,vulnerable,,,0,0,0,BT CN IN
tsou1248,Tsou,Papunesia,23.216,120.787,tsou1248,tsu,aust1307,tsou1250,False,language,definitely endangered,,,0,0,5,TW
tuam1242,Tuamotuan,Papunesia,-16.17259,-146.321755,tuam1242,pmt,aust1307,cent2062,False,language,vulnerable,,,0,0,7,PF
tuba1278,Tübatulabal,North America,35.327,-117.163,tuba1278,tub,utoa1244,cali1246,False,language,critically endangered,,,0,0,0,US
tuca1252,Tucano,South America,0.579755,-69.5763,tuca1252,tuo,tuca1253,east2707,False,language,vulnerable,,,0,0,2,BR CO
tugu1245,Tugun,Papunesia,-7.72555,126.7,tugu1245,tzn,aust1307,pera1258,False,language,safe,,,0,0,6,ID
tuka1248,Tukang Besi North,Papunesia,-5.30994,123.578,tuka1248,khc,aust1307,tuka1247,False,language,safe,,,0,0,2,ID
tuni1252,Tunica,North America,30.9888,-92.5403,tuni1252,tun,,,False,language,extinct,,,0,0,0,US
turk1303,Turkic Khalaj,Eurasia,34.4224,50.3222,turk1303,klj,turk1311,comm1245,False,language,vulnerable,,,0,0,0,IR
turk1304,Turkmen,Eurasia,37.0872,59.1757,turk1304,tuk,turk1311,east2334,False,language,definitely endangered,,,0,0,11,AF IQ IR PK TJ TM TR UZ
turo1239,Turoyo,Eurasia,37.2275,42.1451,turo1239,tru,afro1255,turo1240,False,language,vulnerable,,,0,0,6,IQ LB SY TR
tuvi1240,Tuvinian,Eurasia,48.436,92.6693,tuvi1240,tyv,turk1311,saya1244,False,language,safe,,,0,0,5,CN MN RU
tzel1254,Tzeltal,North America,16.6384,-92.2786,tzel1254,tzh,maya1287,tzel1253,False,language,safe,,,0,0,2,MX
tzut1248,Tz'utujil,North America,14.6351,-91.2012,tzut1248,tzj,maya1287,cakc1244,False,language,vulnerable,,,0,0,0,GT
uabm1237,Uab Meto,Papunesia,-9.77284,124.144,uabm1237,aoz,aust1307,uabm1238,False,language,safe,,,0,0,5,ID TL
udmu1245,Udmurt,Eurasia,56.12921,52.63548,udmu1245,udm,ural1272,perm1256,False,language,definitely endangered,,,0,0,5,KZ RU
ughe1237,Ughele,Papunesia,-8.45725,157.341,ughe1237,uge,aust1307,east2761,False,language,safe,,,0,0,0,SB
uigh1240,Uighur,Eurasia,43.67,79.75,uigh1240,uig,turk1311,uigh1243,False,language,critically endangered,,,0,0,12,CN IN KG KZ MN PK UZ
ukaa1243,Ukaan,Africa,7.59722,6.03933,ukaa1243,kcf,atla1278,benu1247,False,language,safe,,,0,0,3,NG
ukra1253,Ukrainian,Eurasia,48.175842,24.395786,ukra1253,ukr,indo1319,ukra1257,False,language,vulnerable,,,0,0,3,BY HU MD PL RO RU SK UA
ulit1238,Ulithian,Papunesia,9.961388,139.603611,ulit1238,uli,aust1307,west2855,False,language,definitely endangered,,,0,0,0,FM
umbu1235,Umbugarla,Australia,-12.9325,131.825,umbu1235,umr,,,False,language,extinct,,,0,0,0,AU
umpi1239,Umpila,Australia,-13.1528,143.467,umpi1239,ump,pama1250,nort2759,False,language,critically endangered,,,0,0,0,AU
unua1237,Unua,Papunesia,-16.2638,167.599,unua1237,onu,aust1307,unua1238,False,language,vulnerable,,,0,0,1,VU
uppe1455,Upper Guinea Crioulo,Africa,13.2335066667,-15.33254,uppe1455,pov,indo1319,uppe1458,False,language,safe,,,0,0,3,GM GW SN US
urak1238,Urak Lawoi',Eurasia,7.5258,99.0768,urak1238,urk,aust1307,sing1270,False,language,definitely endangered,,,0,0,0,TH
urar1246,Urarina,South America,-4.44006,-75.4211,urar1246,ura,,,False,language,definitely endangered,,,0,0,0,PE
urdu1245,Urdu,Eurasia,25.0,67.0,urdu1245,urd,indo1319,hind1270,False,language,safe,,,0,0,2,AF BD IN PK
vafs1240,Vafsi,Eurasia,34.5309,50.0013,vafs1240,vaf,indo1319,vafs1241,False,language,vulnerable,,,0,0,0,IR
vene1258,Venetian,Eurasia,45.503581,12.214167,vene1258,vec,indo1319,gall1279,False,language,vulnerable,,,0,0,5,BR
viet1252,Vietnamese,Eurasia,20.681188,105.774071,viet1252,vie,aust1305,viet1251,False,language,safe,,,0,0,3,CN LA VN
vinm1237,Neve'ei,Papunesia,-16.2253,167.427,vinm1237,vnm,aust1307,cent2316,False,language,definitely endangered,,,0,0,1,VU
vure1239,Vurës,Papunesia,-13.905677,167.451412,vure1239,msn,aust1307,torr1262,False,language,definitely endangered,,,0,0,2,VU
wage1238,Wageman,Australia,-13.8627,131.893,wage1238,waq,,,False,language,severely endangered,,,0,0,0,AU
waim1252,Waima'a,Papunesia,-8.53416,126.317,waim1252,wmh,aust1307,kawa1289,False,language,definitely endangered,,,0,0,0,TL
waim1255,Waimaha,South America,0.30416,-70.1644,waim1255,bao,tuca1253,bara1401,False,language,definitely endangered,,,0,0,2,BR CO
wamb1259,Wambon,Papunesia,-5.44334,140.48,wamb1259,wms,nucl1709,ketu1239,False,language,safe,,,0,0,0,ID
wand1263,Wandarang,Australia,-14.2996,135.705,wand1263,wnd,mang1423,mara1414,False,language,extinct,,,0,0,0,AU
wand1267,Wandamen,Papunesia,-2.25622,133.996,wand1267,wad,aust1307,ansu1238,False,language,safe,,,0,0,7,ID
wano1243,Wano,Papunesia,-3.47858,137.678,wano1243,wno,nucl1709,dani1287,False,language,definitely endangered,,,0,0,7,ID
want1252,Wantoat,Papunesia,-6.15216,146.513,want1252,wnc,nucl1709,want1253,False,language,definitely endangered,,,0,0,4,PG
wara1294,Anta-Komnzo-Wára-Wérè-Kémä,Papunesia,-8.64917,141.52,wara1294,tci,more1255,wara1293,False,language,definitely endangered,,,0,0,5,PG
wara1302,Warapu,Papunesia,-3.07263,142.012,wara1302,wra,skoo1245,skou1238,False,language,definitely endangered,,,0,0,0,PG
wehh1238,Weh,Africa,6.46164,10.121,wehh1238,weh,atla1278,west2835,False,language,safe,,,0,0,0,CM
wels1247,Welsh,Eurasia,52.0,-4.0,wels1247,cym,indo1319,oldm1247,False,language,vulnerable,,,0,0,3,GB
west2369,Western Farsi,Eurasia,28.6593,55.1586,west2369,pes,indo1319,fars1255,False,language,safe,,,0,0,17,AF AZ IQ IR TM TR
west2392,Western Mari,Eurasia,56.22,46.569,west2392,mrj,ural1272,mari1278,False,language,vulnerable,,,0,0,2,RU
west2454,Western Niger Fulfulde,Africa,14.2471,-0.52004,west2454,fuh,atla1278,fula1264,False,language,safe,,,0,0,12,BF BJ ML NE NG
west2548,West Damar,Papunesia,-7.12065,128.585,west2548,drn,aust1307,baba1274,False,language,safe,,,0,0,0,ID
west2600,West Makian,Papunesia,0.45332,127.63,west2600,mqs,nort2923,nort2923,False,language,vulnerable,,,0,0,0,ID
wich1264,Wichí Lhamtés Güisnay,South America,-23.1633,-62.1757,wich1264,mzh,mata1289,wich1261,False,language,vulnerable,,,0,0,0,AR BO PY
woli1241,Wolio,Papunesia,-5.33,122.67,woli1241,wlo,aust1307,woli1240,False,language,vulnerable,,,0,0,0,ID
wotu1240,Wotu,Papunesia,-2.59593,120.9,wotu1240,wtw,aust1307,wotu1239,False,language,definitely endangered,,,0,0,0,ID
wutu1241,Wutunhua,Eurasia,35.269,101.957,wutu1241,wuh,sino1245,mand1471,False,language,definitely endangered,,,0,0,0,CN
wutu1244,Wutung,Papunesia,-2.64636,141.104,wutu1244,wut,skoo1245,skou1239,False,language,definitely endangered,,,0,0,0,ID PG
xara1244,Xârâcùù,Papunesia,-21.7034,165.996,xara1244,ane,aust1307,sout3189,False,language,safe,,,0,0,0,NC
yabe1254,Yabem,Papunesia,-6.67052,147.81,yabe1254,jae,aust1307,nort2858,False,language,vulnerable,,,0,0,0,PG
yaku1245,Sakha,Eurasia,61.6974,133.98,yaku1245,sah,turk1311,nort2688,False,language,vulnerable,,,0,0,0,RU
yala1262,Yalarnnga,Australia,-21.731,139.511,yala1262,ylr,pama1250,galg1238,False,language,extinct,,,0,0,0,AU
yalu1240,Yalunka,Africa,9.97186,-11.2836,yalu1240,yal,mand1469,susu1249,False,language,safe,,,0,0,3,GN ML SL SN
yane1238,Yanesha',South America,-10.5454,-75.315,yane1238,ame,araw1281,west2648,False,language,definitely endangered,,,0,0,0,PE
yang1288,Yangman,Australia,-14.4964,132.52,yang1288,jng,yang1287,yang1287,False,language,critically endangered,,,0,0,0,AU
yape1248,Yapese,Papunesia,9.55811,138.125,yape1248,yap,aust1307,yape1250,False,language,safe,,,0,0,0,FM
yaum1237,Yau (Morobe Province),Papunesia,-6.08274,146.841,yaum1237,yuw,nucl1709,uruw1240,False,language,safe,,,0,0,2,PG
yayg1236,Yaygir,Australia,-29.91558791,153.2691386,yayg1236,xya,pama1250,gumb1242,False,language,extinct,,,0,0,0,AU
yima1243,Yimas,Papunesia,-4.71731,143.572,yima1243,yee,lowe1437,kara1498,False,language,definitely endangered,,,0,0,0,PG
yuag1237,Yuaga,Papunesia,-20.5664,164.51,yuag1237,nua,aust1307,extr1244,False,language,vulnerable,,,0,0,2,NC
zulu1248,Zulu,Africa,-25.3305,31.3512,zulu1248,zul,atla1278,zulu1251,False,language,safe,,,0,0,6,BW LS MZ SZ ZA
